{"cameraMode":{"drawMode":0,"name":"Shaded","section":"Shading Mode"},"sceneLighting":false,"audioPlay":false,"sceneViewState":{"m_AlwaysRefresh":false,"showFog":true,"showSkybox":false,"showFlares":true,"showImageEffects":true,"showParticleSystems":true,"showVisualEffectGraphs":true,"m_FxEnabled":true},"in2DMode":false,"pivot":{"x":-0.9353044033050537,"y":1.2172582149505616,"z":1.8654148578643799},"rotation":{"x":0.03868132084608078,"y":-0.03177637979388237,"z":0.00123142811935395,"w":0.998755931854248},"size":4.064814567565918,"orthographic":false}